"Country Name","Country Code","Indicator Name","Indicator Code","1960","1961","1962","1963","1964","1965","1966","1967","1968","1969","1970","1971","1972","1973","1974","1975","1976","1977","1978","1979","1980","1981","1982","1983","1984","1985","1986","1987","1988","1989","1990","1991","1992","1993","1994","1995","1996","1997","1998","1999","2000","2001","2002","2003","2004","2005","2006","2007","2008","2009","2010","2011","2012","2013","2014","2015","2016","2017","2018","2019","2020","2021","2022",
"Aruba","ABW","Children (0-14) living with HIV","SH.HIV.0014","","","","","","","","","","","","","","","","","","","","","","","","","","","","","","","","","","","","","","","","","","","","","","","","","","","","","","","","","","","","","","","",
"Africa Eastern and Southern","AFE","Children (0-14) living with HIV","SH.HIV.0014","","","","","","","","","","","","","","","","","","","","","","","","","","","","","","","","","","","","","","","","","","","","","","","","","","","","","","","","","","","","","","","",
"Afghanistan","AFG","Children (0-14) living with HIV","SH.HIV.0014","","","","","","","","","","","","","","","","","","","","","","","","","","","","","","","100","100","100","100","100","100","100","100","100","100","100","200","200","200","200","200","500","500","500","500","500","500","500","500","500","500","500","500","500","500","500","520","",
"Africa Western and Central","AFW","Children (0-14) living with HIV","SH.HIV.0014","","","","","","","","","","","","","","","","","","","","","","","","","","","","","","","","","","","","","","","","","","","","","","","","","","","","","","","","","","","","","","","",
"Angola","AGO","Children (0-14) living with HIV","SH.HIV.0014","","","","","","","","","","","","","","","","","","","","","","","","","","","","","","","1300","1800","2300","2900","3700","4700","5700","7000","8400","9900","12000","14000","16000","18000","20000","22000","24000","27000","29000","31000","33000","35000","36000","38000","38000","39000","40000","40000","40000","39000","38000","36000","",
"Albania","ALB","Children (0-14) living with HIV","SH.HIV.0014","","","","","","","","","","","","","","","","","","","","","","","","","","","","","","","","","","","","","","","","","","","","","","","","","","","","","","","","","","","","","","","",
"Andorra","AND","Children (0-14) living with HIV","SH.HIV.0014","","","","","","","","","","","","","","","","","","","","","","","","","","","","","","","","","","","","","","","","","","","","","","","","","","","","","","","","","","","","","","","",
"Arab World","ARB","Children (0-14) living with HIV","SH.HIV.0014","","","","","","","","","","","","","","","","","","","","","","","","","","","","","","","","","","","","","","","","","","","","","","","","","","","","","","","","","","","","","","","",
"United Arab Emirates","ARE","Children (0-14) living with HIV","SH.HIV.0014","","","","","","","","","","","","","","","","","","","","","","","","","","","","","","","","","","","","","","","","","","","","","","","","","","","","","","","","","","","","","","","",
"Argentina","ARG","Children (0-14) living with HIV","SH.HIV.0014","","","","","","","","","","","","","","","","","","","","","","","","","","","","","","","","","","","","","","","","","","","","","","","","","","","","","","","","","","","","","","","",
"Armenia","ARM","Children (0-14) living with HIV","SH.HIV.0014","","","","","","","","","","","","","","","","","","","","","","","","","","","","","","","","","","","","","","","","","","","","","","","","","","","","","","","","","","","","","","","",
"American Samoa","ASM","Children (0-14) living with HIV","SH.HIV.0014","","","","","","","","","","","","","","","","","","","","","","","","","","","","","","","","","","","","","","","","","","","","","","","","","","","","","","","","","","","","","","","",
"Antigua and Barbuda","ATG","Children (0-14) living with HIV","SH.HIV.0014","","","","","","","","","","","","","","","","","","","","","","","","","","","","","","","","","","","","","","","","","","","","","","","","","","","","","","","","","","","","","","","",
"Australia","AUS","Children (0-14) living with HIV","SH.HIV.0014","","","","","","","","","","","","","","","","","","","","","","","","","","","","","","","","","","","","","","","","","","","","","","","","","","","","","","","","","","","","","","","",
"Austria","AUT","Children (0-14) living with HIV","SH.HIV.0014","","","","","","","","","","","","","","","","","","","","","","","","","","","","","","","","","","","","","","","","","","","","","","","","","","","","","","","","","","","","","","","",
"Azerbaijan","AZE","Children (0-14) living with HIV","SH.HIV.0014","","","","","","","","","","","","","","","","","","","","","","","","","","","","","","","100","100","100","100","100","100","100","100","100","100","100","100","100","100","200","200","200","200","500","500","500","500","500","500","500","500","500","500","500","500","500","500","",
"Burundi","BDI","Children (0-14) living with HIV","SH.HIV.0014","","","","","","","","","","","","","","","","","","","","","","","","","","","","","","","13000","15000","18000","21000","23000","25000","26000","27000","28000","29000","29000","29000","29000","28000","27000","26000","24000","23000","21000","20000","18000","17000","16000","15000","13000","12000","11000","10000","9500","8800","8200","7800","",
"Belgium","BEL","Children (0-14) living with HIV","SH.HIV.0014","","","","","","","","","","","","","","","","","","","","","","","","","","","","","","","","","","","","","","","","","","","","","","","","","","","","","","","","","","","","","","","",
"Benin","BEN","Children (0-14) living with HIV","SH.HIV.0014","","","","","","","","","","","","","","","","","","","","","","","","","","","","","","","1300","1700","2200","2700","3300","4000","4700","5400","6100","6800","7400","8000","8600","9100","9500","9900","10000","10000","10000","10000","10000","9900","9800","9700","9600","9200","8700","8300","7900","7300","6800","6400","",
"Burkina Faso","BFA","Children (0-14) living with HIV","SH.HIV.0014","","","","","","","","","","","","","","","","","","","","","","","","","","","","","","","11000","13000","15000","16000","18000","19000","21000","22000","23000","23000","23000","24000","23000","23000","22000","21000","20000","19000","18000","17000","16000","15000","14000","13000","12000","11000","9900","9000","8200","7400","6700","6100","",
"Bangladesh","BGD","Children (0-14) living with HIV","SH.HIV.0014","","","","","","","","","","","","","","","","","","","","","","","","","","","","","","","100","100","100","100","100","100","100","100","100","100","100","100","100","100","100","100","100","200","200","200","200","200","500","500","500","500","500","500","500","500","500","500","",
"Bulgaria","BGR","Children (0-14) living with HIV","SH.HIV.0014","","","","","","","","","","","","","","","","","","","","","","","","","","","","","","","","","","","","","","","","","","","","","","","","","","","","","","","","","","","","","","","",
"Bahrain","BHR","Children (0-14) living with HIV","SH.HIV.0014","","","","","","","","","","","","","","","","","","","","","","","","","","","","","","","","","","","","","","","","","","","","","","","","","","","","","","","","","","","","","","","",
"Bahamas, The","BHS","Children (0-14) living with HIV","SH.HIV.0014","","","","","","","","","","","","","","","","","","","","","","","","","","","","","","","100","200","200","200","200","500","500","500","500","500","500","500","500","500","500","200","200","200","200","200","200","200","200","200","100","100","100","100","100","100","100","100","",
"Bosnia and Herzegovina","BIH","Children (0-14) living with HIV","SH.HIV.0014","","","","","","","","","","","","","","","","","","","","","","","","","","","","","","","","","","","","","","","","","","","","","","","","","","","","","","","","","","","","","","","",
"Belarus","BLR","Children (0-14) living with HIV","SH.HIV.0014","","","","","","","","","","","","","","","","","","","","","","","","","","","","","","","100","100","100","100","100","100","100","100","100","100","100","100","100","100","100","100","100","100","100","100","100","200","200","200","200","500","500","500","500","500","500","500","",
"Belize","BLZ","Children (0-14) living with HIV","SH.HIV.0014","","","","","","","","","","","","","","","","","","","","","","","","","","","","","","","100","100","100","100","100","100","100","100","100","100","100","100","100","100","200","200","200","200","200","200","200","200","200","200","200","200","200","200","100","100","100","100","",
"Bermuda","BMU","Children (0-14) living with HIV","SH.HIV.0014","","","","","","","","","","","","","","","","","","","","","","","","","","","","","","","","","","","","","","","","","","","","","","","","","","","","","","","","","","","","","","","",
"Bolivia","BOL","Children (0-14) living with HIV","SH.HIV.0014","","","","","","","","","","","","","","","","","","","","","","","","","","","","","","","200","200","500","500","500","500","500","570","670","760","850","920","980","1000","1100","1100","1100","1200","1200","1200","1100","1100","1100","1000","990","940","890","830","770","730","690","660","",
"Brazil","BRA","Children (0-14) living with HIV","SH.HIV.0014","","","","","","","","","","","","","","","","","","","","","","","","","","","","","","","","","","","","","","","","","","","","","","","","","","","","","","","","","","","","","","","",
"Barbados","BRB","Children (0-14) living with HIV","SH.HIV.0014","","","","","","","","","","","","","","","","","","","","","","","","","","","","","","","","","","","","","","","","","","","","","","","","","","","","","","","","","","","","","","","",
"Brunei Darussalam","BRN","Children (0-14) living with HIV","SH.HIV.0014","","","","","","","","","","","","","","","","","","","","","","","","","","","","","","","","","","","","","","","","","","","","","","","","","","","","","","","","","","","","","","","",
"Bhutan","BTN","Children (0-14) living with HIV","SH.HIV.0014","","","","","","","","","","","","","","","","","","","","","","","","","","","","","","","","","","","","","","","","","","","","","","","","","","","","","","","","","","","","","","","",
"Botswana","BWA","Children (0-14) living with HIV","SH.HIV.0014","","","","","","","","","","","","","","","","","","","","","","","","","","","","","","","2200","3300","4600","6100","7800","9700","12000","14000","16000","18000","20000","21000","22000","23000","23000","22000","22000","21000","20000","19000","18000","17000","16000","15000","13000","12000","11000","10000","8900","7900","7200","6600","",
"Central African Republic","CAF","Children (0-14) living with HIV","SH.HIV.0014","","","","","","","","","","","","","","","","","","","","","","","","","","","","","","","3300","4200","5300","6500","7800","9000","10000","12000","13000","14000","15000","15000","16000","16000","17000","17000","17000","16000","16000","15000","15000","14000","13000","12000","11000","10000","9300","8600","7900","7200","6600","6000","",
"Canada","CAN","Children (0-14) living with HIV","SH.HIV.0014","","","","","","","","","","","","","","","","","","","","","","","","","","","","","","","","","","","","","","","","","","","","","","","","","","","","","","","","","","","","","","","",
"Central Europe and the Baltics","CEB","Children (0-14) living with HIV","SH.HIV.0014","","","","","","","","","","","","","","","","","","","","","","","","","","","","","","","","","","","","","","","","","","","","","","","","","","","","","","","","","","","","","","","",
"Switzerland","CHE","Children (0-14) living with HIV","SH.HIV.0014","","","","","","","","","","","","","","","","","","","","","","","","","","","","","","","","","","","","","","","","","","","","","","","","","","","","","","","","","","","","","","","",
"Channel Islands","CHI","Children (0-14) living with HIV","SH.HIV.0014","","","","","","","","","","","","","","","","","","","","","","","","","","","","","","","","","","","","","","","","","","","","","","","","","","","","","","","","","","","","","","","",
"Chile","CHL","Children (0-14) living with HIV","SH.HIV.0014","","","","","","","","","","","","","","","","","","","","","","","","","","","","","","","100","100","100","100","100","100","100","200","200","200","200","200","200","200","500","500","500","500","500","500","500","500","500","500","500","500","500","500","500","500","500","500","",
"China","CHN","Children (0-14) living with HIV","SH.HIV.0014","","","","","","","","","","","","","","","","","","","","","","","","","","","","","","","","","","","","","","","","","","","","","","","","","","","","","","","","","","","","","","","",
"Cote d'Ivoire","CIV","Children (0-14) living with HIV","SH.HIV.0014","","","","","","","","","","","","","","","","","","","","","","","","","","","","","","","17000","22000","28000","33000","39000","45000","51000","56000","61000","65000","69000","72000","74000","75000","75000","74000","73000","70000","66000","62000","58000","54000","50000","45000","40000","36000","32000","29000","26000","23000","20000","18000","",
"Cameroon","CMR","Children (0-14) living with HIV","SH.HIV.0014","","","","","","","","","","","","","","","","","","","","","","","","","","","","","","","3400","4700","6400","8500","11000","14000","18000","21000","25000","30000","34000","38000","41000","45000","48000","51000","53000","55000","56000","57000","56000","55000","53000","51000","48000","45000","43000","41000","39000","37000","35000","33000","",
"Congo, Dem. Rep.","COD","Children (0-14) living with HIV","SH.HIV.0014","","","","","","","","","","","","","","","","","","","","","","","","","","","","","","","36000","43000","49000","55000","62000","67000","73000","77000","81000","84000","87000","89000","91000","92000","93000","93000","93000","92000","91000","90000","88000","85000","83000","80000","76000","73000","71000","69000","68000","66000","65000","63000","",
"Congo, Rep.","COG","Children (0-14) living with HIV","SH.HIV.0014","","","","","","","","","","","","","","","","","","","","","","","","","","","","","","","4100","4800","5400","6100","6700","7300","7900","8400","8900","9300","9600","9900","10000","10000","10000","10000","10000","10000","10000","10000","10000","10000","10000","10000","10000","10000","10000","11000","11000","11000","12000","12000","",
"Colombia","COL","Children (0-14) living with HIV","SH.HIV.0014","","","","","","","","","","","","","","","","","","","","","","","","","","","","","","","630","850","1100","1400","1700","2100","2400","2700","3100","3400","3600","3900","4100","4300","4400","4400","4400","4400","4300","4200","4100","4000","3800","3700","3500","3300","3200","3100","2900","2800","2700","2600","",
"Comoros","COM","Children (0-14) living with HIV","SH.HIV.0014","","","","","","","","","","","","","","","","","","","","","","","","","","","","","","","","","","","","","","","","","","","","","","","","","","","","","","","","","","","","","","","",
"Cabo Verde","CPV","Children (0-14) living with HIV","SH.HIV.0014","","","","","","","","","","","","","","","","","","","","","","","","","","","","","","","100","100","100","100","100","200","200","200","200","200","200","200","200","200","200","200","200","200","200","200","100","100","100","100","100","100","100","100","100","100","100","100","",
"Costa Rica","CRI","Children (0-14) living with HIV","SH.HIV.0014","","","","","","","","","","","","","","","","","","","","","","","","","","","","","","","100","100","100","100","200","200","200","200","200","200","200","200","200","200","200","200","200","200","200","200","200","200","200","200","200","200","200","200","200","200","200","200","",
"Caribbean small states","CSS","Children (0-14) living with HIV","SH.HIV.0014","","","","","","","","","","","","","","","","","","","","","","","","","","","","","","","","","","","","","","","","","","","","","","","","","","","","","","","","","","","","","","","",
"Cuba","CUB","Children (0-14) living with HIV","SH.HIV.0014","","","","","","","","","","","","","","","","","","","","","","","","","","","","","","","100","100","100","100","100","100","100","200","200","200","200","200","200","200","200","200","200","200","200","200","200","200","200","200","200","200","200","200","200","200","200","200","",
"Curacao","CUW","Children (0-14) living with HIV","SH.HIV.0014","","","","","","","","","","","","","","","","","","","","","","","","","","","","","","","","","","","","","","","","","","","","","","","","","","","","","","","","","","","","","","","",
"Cayman Islands","CYM","Children (0-14) living with HIV","SH.HIV.0014","","","","","","","","","","","","","","","","","","","","","","","","","","","","","","","","","","","","","","","","","","","","","","","","","","","","","","","","","","","","","","","",
"Cyprus","CYP","Children (0-14) living with HIV","SH.HIV.0014","","","","","","","","","","","","","","","","","","","","","","","","","","","","","","","","","","","","","","","","","","","","","","","","","","","","","","","","","","","","","","","",
"Czechia","CZE","Children (0-14) living with HIV","SH.HIV.0014","","","","","","","","","","","","","","","","","","","","","","","","","","","","","","","","","","","","","","","","","","","","","","","","","","","","","","","","","","","","","","","",
"Germany","DEU","Children (0-14) living with HIV","SH.HIV.0014","","","","","","","","","","","","","","","","","","","","","","","","","","","","","","","","","","","","","","","","","","","","","","","","","","","100","100","100","100","100","100","100","100","100","100","200","","",
"Djibouti","DJI","Children (0-14) living with HIV","SH.HIV.0014","","","","","","","","","","","","","","","","","","","","","","","","","","","","","","","100","100","100","100","100","100","100","200","200","500","500","500","500","500","500","500","500","500","500","500","500","500","500","500","500","500","500","500","500","500","500","200","",
"Dominica","DMA","Children (0-14) living with HIV","SH.HIV.0014","","","","","","","","","","","","","","","","","","","","","","","","","","","","","","","","","","","","","","","","","","","","","","","","","","","","","","","","","","","","","","","",
"Denmark","DNK","Children (0-14) living with HIV","SH.HIV.0014","","","","","","","","","","","","","","","","","","","","","","","","","","","","","","","","","","","","","","","","","","","","","","","","","","","","","","","","","","","","","","","",
"Dominican Republic","DOM","Children (0-14) living with HIV","SH.HIV.0014","","","","","","","","","","","","","","","","","","","","","","","","","","","","","","","550","790","1100","1400","1700","2000","2200","2500","2800","3000","3200","3400","3500","3600","3600","3500","3400","3300","3100","3000","2900","2700","2600","2500","2400","2300","2200","2100","2000","2000","2000","1900","",
"Algeria","DZA","Children (0-14) living with HIV","SH.HIV.0014","","","","","","","","","","","","","","","","","","","","","","","","","","","","","","","100","100","100","100","100","100","100","100","100","200","200","200","200","200","200","200","500","500","500","500","500","500","500","500","530","650","760","870","980","1100","1200","1400","",
"East Asia & Pacific (excluding high income)","EAP","Children (0-14) living with HIV","SH.HIV.0014","","","","","","","","","","","","","","","","","","","","","","","","","","","","","","","","","","","","","","","","","","","","","","","","","","","","","","","","","","","","","","","",
"Early-demographic dividend","EAR","Children (0-14) living with HIV","SH.HIV.0014","","","","","","","","","","","","","","","","","","","","","","","","","","","","","","","","","","","","","","","","","","","","","","","","","","","","","","","","","","","","","","","",
"East Asia & Pacific","EAS","Children (0-14) living with HIV","SH.HIV.0014","","","","","","","","","","","","","","","","","","","","","","","","","","","","","","","","","","","","","","","","","","","","","","","","","","","","","","","","","","","","","","","",
"Europe & Central Asia (excluding high income)","ECA","Children (0-14) living with HIV","SH.HIV.0014","","","","","","","","","","","","","","","","","","","","","","","","","","","","","","","","","","","","","","","","","","","","","","","","","","","","","","","","","","","","","","","",
"Europe & Central Asia","ECS","Children (0-14) living with HIV","SH.HIV.0014","","","","","","","","","","","","","","","","","","","","","","","","","","","","","","","","","","","","","","","","","","","","","","","","","","","","","","","","","","","","","","","",
"Ecuador","ECU","Children (0-14) living with HIV","SH.HIV.0014","","","","","","","","","","","","","","","","","","","","","","","","","","","","","","","100","200","200","200","500","500","500","500","500","510","570","630","690","750","800","850","900","950","960","980","1000","1000","1000","1000","1000","1100","1100","1100","1100","1100","1100","1100","",
"Egypt, Arab Rep.","EGY","Children (0-14) living with HIV","SH.HIV.0014","","","","","","","","","","","","","","","","","","","","","","","","","","","","","","","100","100","100","100","100","100","100","100","200","200","200","200","200","500","500","500","500","500","500","500","500","500","550","600","660","720","780","840","910","970","1000","1100","",
"Euro area","EMU","Children (0-14) living with HIV","SH.HIV.0014","","","","","","","","","","","","","","","","","","","","","","","","","","","","","","","","","","","","","","","","","","","","","","","","","","","","","","","","","","","","","","","",
"Eritrea","ERI","Children (0-14) living with HIV","SH.HIV.0014","","","","","","","","","","","","","","","","","","","","","","","","","","","","","","","570","710","870","1000","1100","1200","1300","1400","1500","1500","1600","1600","1600","1700","1600","1600","1600","1500","1400","1300","1300","1200","1100","1000","940","860","790","730","650","590","540","500","",
"Spain","ESP","Children (0-14) living with HIV","SH.HIV.0014","","","","","","","","","","","","","","","","","","","","","","","","","","","","","","","","","","","","","","","","","","","","","","","","","","","","","","","","","","","","","","","",
"Estonia","EST","Children (0-14) living with HIV","SH.HIV.0014","","","","","","","","","","","","","","","","","","","","","","","","","","","","","","","","","","","","","","","","","","","","","","","","","","","","","","","","","","","","","","","",
"Ethiopia","ETH","Children (0-14) living with HIV","SH.HIV.0014","","","","","","","","","","","","","","","","","","","","","","","","","","","","","","","33000","43000","54000","65000","77000","88000","99000","110000","120000","120000","130000","130000","140000","140000","130000","130000","130000","120000","110000","110000","99000","92000","84000","77000","71000","65000","61000","56000","52000","49000","45000","42000","",
"European Union","EUU","Children (0-14) living with HIV","SH.HIV.0014","","","","","","","","","","","","","","","","","","","","","","","","","","","","","","","","","","","","","","","","","","","","","","","","","","","","","","","","","","","","","","","",
"Fragile and conflict affected situations","FCS","Children (0-14) living with HIV","SH.HIV.0014","","","","","","","","","","","","","","","","","","","","","","","","","","","","","","","","","","","","","","","","","","","","","","","","","","","","","","","","","","","","","","","",
"Finland","FIN","Children (0-14) living with HIV","SH.HIV.0014","","","","","","","","","","","","","","","","","","","","","","","","","","","","","","","","","","","","","","","","","","","","","","","","","","","","","","","","","","","","","","","",
"Fiji","FJI","Children (0-14) living with HIV","SH.HIV.0014","","","","","","","","","","","","","","","","","","","","","","","","","","","","","","","100","100","100","100","100","100","100","100","100","100","100","100","100","100","100","100","100","100","100","100","100","100","100","100","100","100","100","100","100","100","100","100","",
"France","FRA","Children (0-14) living with HIV","SH.HIV.0014","","","","","","","","","","","","","","","","","","","","","","","","","","","","","","","500","500","500","500","500","500","500","500","500","500","500","500","500","500","500","200","200","200","200","500","500","500","500","500","500","500","500","500","500","500","500","500","",
"Faroe Islands","FRO","Children (0-14) living with HIV","SH.HIV.0014","","","","","","","","","","","","","","","","","","","","","","","","","","","","","","","","","","","","","","","","","","","","","","","","","","","","","","","","","","","","","","","",
"Micronesia, Fed. Sts.","FSM","Children (0-14) living with HIV","SH.HIV.0014","","","","","","","","","","","","","","","","","","","","","","","","","","","","","","","","","","","","","","","","","","","","","","","","","","","","","","","","","","","","","","","",
"Gabon","GAB","Children (0-14) living with HIV","SH.HIV.0014","","","","","","","","","","","","","","","","","","","","","","","","","","","","","","","500","500","570","750","970","1200","1500","1800","2100","2300","2600","2800","3100","3300","3500","3600","3700","3800","3800","3800","3800","3800","3700","3600","3500","3400","3300","3200","3000","2900","2600","2500","",
"United Kingdom","GBR","Children (0-14) living with HIV","SH.HIV.0014","","","","","","","","","","","","","","","","","","","","","","","","","","","","","","","","","","","","","","","","","","","","","","","","","","","","","","","","","","","","","","","",
"Georgia","GEO","Children (0-14) living with HIV","SH.HIV.0014","","","","","","","","","","","","","","","","","","","","","","","","","","","","","","","100","100","100","100","100","100","100","100","100","100","100","100","100","100","100","100","100","100","100","100","100","100","100","100","100","100","100","100","100","100","100","100","",
"Ghana","GHA","Children (0-14) living with HIV","SH.HIV.0014","","","","","","","","","","","","","","","","","","","","","","","","","","","","","","","10000","13000","16000","19000","22000","25000","28000","32000","35000","37000","40000","42000","44000","45000","46000","47000","47000","46000","45000","44000","43000","41000","39000","38000","36000","35000","34000","32000","31000","30000","28000","27000","",
"Gibraltar","GIB","Children (0-14) living with HIV","SH.HIV.0014","","","","","","","","","","","","","","","","","","","","","","","","","","","","","","","","","","","","","","","","","","","","","","","","","","","","","","","","","","","","","","","",
"Guinea","GIN","Children (0-14) living with HIV","SH.HIV.0014","","","","","","","","","","","","","","","","","","","","","","","","","","","","","","","1700","2100","2700","3300","4000","4700","5500","6300","7100","8000","8800","9500","10000","11000","11000","12000","12000","13000","13000","13000","13000","13000","13000","12000","12000","12000","12000","12000","12000","12000","11000","11000","",
"Gambia, The","GMB","Children (0-14) living with HIV","SH.HIV.0014","","","","","","","","","","","","","","","","","","","","","","","","","","","","","","","100","100","100","200","200","500","500","500","520","640","770","900","1000","1100","1300","1400","1500","1600","1700","1700","1700","1700","1600","1600","1600","1500","1500","1500","1500","1400","1400","1400","",
"Guinea-Bissau","GNB","Children (0-14) living with HIV","SH.HIV.0014","","","","","","","","","","","","","","","","","","","","","","","","","","","","","","","200","500","500","500","600","780","990","1200","1500","1800","2100","2300","2600","2900","3200","3500","3700","3900","4100","4300","4400","4500","4500","4400","4200","4100","4000","3900","3900","3800","3800","3700","",
"Equatorial Guinea","GNQ","Children (0-14) living with HIV","SH.HIV.0014","","","","","","","","","","","","","","","","","","","","","","","","","","","","","","","200","200","200","500","500","500","500","500","600","700","810","930","1100","1200","1300","1500","1600","1800","1900","2100","2200","2400","2600","2600","2600","2800","2800","2900","3100","3200","3400","3600","",
"Greece","GRC","Children (0-14) living with HIV","SH.HIV.0014","","","","","","","","","","","","","","","","","","","","","","","","","","","","","","","","","","","","","","","","","","","","","","","","","","","","","","","","","","","","","","","",
"Grenada","GRD","Children (0-14) living with HIV","SH.HIV.0014","","","","","","","","","","","","","","","","","","","","","","","","","","","","","","","","","","","","","","","","","","","","","","","","","","","","","","","","","","","","","","","",
"Greenland","GRL","Children (0-14) living with HIV","SH.HIV.0014","","","","","","","","","","","","","","","","","","","","","","","","","","","","","","","","","","","","","","","","","","","","","","","","","","","","","","","","","","","","","","","",
"Guatemala","GTM","Children (0-14) living with HIV","SH.HIV.0014","","","","","","","","","","","","","","","","","","","","","","","","","","","","","","","","","","","","","","","","","","","","","","","","","","","","","","","","","","","","","","","",
"Guam","GUM","Children (0-14) living with HIV","SH.HIV.0014","","","","","","","","","","","","","","","","","","","","","","","","","","","","","","","","","","","","","","","","","","","","","","","","","","","","","","","","","","","","","","","",
"Guyana","GUY","Children (0-14) living with HIV","SH.HIV.0014","","","","","","","","","","","","","","","","","","","","","","","","","","","","","","","100","100","100","100","100","100","100","200","200","500","500","500","500","500","500","500","500","500","500","500","500","500","510","500","500","500","500","500","500","500","500","500","",
"High income","HIC","Children (0-14) living with HIV","SH.HIV.0014","","","","","","","","","","","","","","","","","","","","","","","","","","","","","","","","","","","","","","","","","","","","","","","","","","","","","","","","","","","","","","","",
"Hong Kong SAR, China","HKG","Children (0-14) living with HIV","SH.HIV.0014","","","","","","","","","","","","","","","","","","","","","","","","","","","","","","","","","","","","","","","","","","","","","","","","","","","","","","","","","","","","","","","",
"Honduras","HND","Children (0-14) living with HIV","SH.HIV.0014","","","","","","","","","","","","","","","","","","","","","","","","","","","","","","","760","960","1200","1400","1700","2000","2300","2500","2800","3000","3200","3300","3400","3400","3400","3300","3200","3100","3000","2800","2600","2400","2200","2000","1800","1700","1500","1300","1200","1000","920","830","",
"Heavily indebted poor countries (HIPC)","HPC","Children (0-14) living with HIV","SH.HIV.0014","","","","","","","","","","","","","","","","","","","","","","","","","","","","","","","","","","","","","","","","","","","","","","","","","","","","","","","","","","","","","","","",
"Croatia","HRV","Children (0-14) living with HIV","SH.HIV.0014","","","","","","","","","","","","","","","","","","","","","","","","","","","","","","","","","","","","","","","","","","","","","","","","","","","","","","","","","","","","","","","",
"Haiti","HTI","Children (0-14) living with HIV","SH.HIV.0014","","","","","","","","","","","","","","","","","","","","","","","","","","","","","","","3800","4800","5700","6500","7400","8200","9000","9700","10000","11000","11000","12000","12000","12000","12000","12000","11000","11000","10000","9700","9400","8800","8200","7800","7500","7200","6900","6600","6300","6000","5900","5700","",
"Hungary","HUN","Children (0-14) living with HIV","SH.HIV.0014","","","","","","","","","","","","","","","","","","","","","","","","","","","","","","","","","","","","","","","","","","","","","","","","","","","","","","","","","","","","","","","",
"IBRD only","IBD","Children (0-14) living with HIV","SH.HIV.0014","","","","","","","","","","","","","","","","","","","","","","","","","","","","","","","","","","","","","","","","","","","","","","","","","","","","","","","","","","","","","","","",
"IDA & IBRD total","IBT","Children (0-14) living with HIV","SH.HIV.0014","","","","","","","","","","","","","","","","","","","","","","","","","","","","","","","","","","","","","","","","","","","","","","","","","","","","","","","","","","","","","","","",
"IDA total","IDA","Children (0-14) living with HIV","SH.HIV.0014","","","","","","","","","","","","","","","","","","","","","","","","","","","","","","","","","","","","","","","","","","","","","","","","","","","","","","","","","","","","","","","",
"IDA blend","IDB","Children (0-14) living with HIV","SH.HIV.0014","","","","","","","","","","","","","","","","","","","","","","","","","","","","","","","","","","","","","","","","","","","","","","","","","","","","","","","","","","","","","","","",
"Indonesia","IDN","Children (0-14) living with HIV","SH.HIV.0014","","","","","","","","","","","","","","","","","","","","","","","","","","","","","","","100","100","100","100","100","100","100","200","200","500","500","650","1000","1500","2100","2900","3800","4900","6000","7200","8500","9900","11000","13000","14000","15000","16000","17000","18000","18000","19000","19000","",
"IDA only","IDX","Children (0-14) living with HIV","SH.HIV.0014","","","","","","","","","","","","","","","","","","","","","","","","","","","","","","","","","","","","","","","","","","","","","","","","","","","","","","","","","","","","","","","",
"Isle of Man","IMN","Children (0-14) living with HIV","SH.HIV.0014","","","","","","","","","","","","","","","","","","","","","","","","","","","","","","","","","","","","","","","","","","","","","","","","","","","","","","","","","","","","","","","",
"India","IND","Children (0-14) living with HIV","SH.HIV.0014","","","","","","","","","","","","","","","","","","","","","","","","","","","","","","","","","","","","","","","","","","","","","","","","","","","","","","","","","","","","","","70000","",
"Not classified","INX","Children (0-14) living with HIV","SH.HIV.0014","","","","","","","","","","","","","","","","","","","","","","","","","","","","","","","","","","","","","","","","","","","","","","","","","","","","","","","","","","","","","","","",
"Ireland","IRL","Children (0-14) living with HIV","SH.HIV.0014","","","","","","","","","","","","","","","","","","","","","","","","","","","","","","","","","","","","","","","","","","","","","","","","","","","","","","","","","","","","","","","",
"Iran, Islamic Rep.","IRN","Children (0-14) living with HIV","SH.HIV.0014","","","","","","","","","","","","","","","","","","","","","","","","","","","","","","","100","100","100","100","100","100","100","200","200","200","500","500","500","590","730","870","1000","1200","1300","1400","1500","1600","1600","1700","1700","1700","1700","1700","1600","1600","1500","1400","",
"Iraq","IRQ","Children (0-14) living with HIV","SH.HIV.0014","","","","","","","","","","","","","","","","","","","","","","","","","","","","","","","","","","","","","","","","","","","","","","","","","","","","","","","","","","","","","","","",
"Iceland","ISL","Children (0-14) living with HIV","SH.HIV.0014","","","","","","","","","","","","","","","","","","","","","","","","","","","","","","","","","","","","","","","","","","","","","","","","","","","","","","","","","","","","","","","",
"Israel","ISR","Children (0-14) living with HIV","SH.HIV.0014","","","","","","","","","","","","","","","","","","","","","","","","","","","","","","","","","","","","","","","","","","","","","","","","","","","","","","","","","","","","","","","",
"Italy","ITA","Children (0-14) living with HIV","SH.HIV.0014","","","","","","","","","","","","","","","","","","","","","","","","","","","","","","","","","","","","","","","","","","","","","","","","","","","","","","","","","","","","","","","",
"Jamaica","JAM","Children (0-14) living with HIV","SH.HIV.0014","","","","","","","","","","","","","","","","","","","","","","","","","","","","","","","500","500","500","560","630","700","770","830","890","940","980","1000","1000","1100","1100","1000","940","870","820","800","790","780","780","760","710","660","620","590","560","520","510","500","",
"Jordan","JOR","Children (0-14) living with HIV","SH.HIV.0014","","","","","","","","","","","","","","","","","","","","","","","","","","","","","","","","","","","","","","","","","","","","","","","","","","","","","","","","","","","","","","","",
"Japan","JPN","Children (0-14) living with HIV","SH.HIV.0014","","","","","","","","","","","","","","","","","","","","","","","","","","","","","","","","","","","","","","","","","","","","","","","","","","","","","","","","","","","","","","","",
"Kazakhstan","KAZ","Children (0-14) living with HIV","SH.HIV.0014","","","","","","","","","","","","","","","","","","","","","","","","","","","","","","","100","100","100","100","100","100","100","100","100","100","100","100","100","100","100","100","200","500","500","500","500","500","500","500","500","500","500","500","500","500","500","500","",
"Kenya","KEN","Children (0-14) living with HIV","SH.HIV.0014","","","","","","","","","","","","","","","","","","","","","","","","","","","","","","","44000","60000","78000","98000","120000","140000","160000","170000","190000","200000","220000","230000","240000","240000","250000","250000","240000","240000","220000","210000","200000","180000","170000","160000","150000","140000","130000","120000","110000","99000","91000","83000","",
"Kyrgyz Republic","KGZ","Children (0-14) living with HIV","SH.HIV.0014","","","","","","","","","","","","","","","","","","","","","","","","","","","","","","","100","100","100","100","100","100","100","100","100","100","100","100","100","100","100","100","100","100","200","200","500","500","500","500","510","540","580","570","530","500","500","500","",
"Cambodia","KHM","Children (0-14) living with HIV","SH.HIV.0014","","","","","","","","","","","","","","","","","","","","","","","","","","","","","","","100","100","200","500","700","1200","1800","2400","3000","3600","4100","4500","4900","5200","5500","5700","5900","5900","5900","5900","5800","5600","5300","5000","4600","4300","3900","3600","3200","2900","2600","2300","",
"Kiribati","KIR","Children (0-14) living with HIV","SH.HIV.0014","","","","","","","","","","","","","","","","","","","","","","","","","","","","","","","","","","","","","","","","","","","","","","","","","","","","","","","","","","","","","","","",
"St. Kitts and Nevis","KNA","Children (0-14) living with HIV","SH.HIV.0014","","","","","","","","","","","","","","","","","","","","","","","","","","","","","","","","","","","","","","","","","","","","","","","","","","","","","","","","","","","","","","","",
"Korea, Rep.","KOR","Children (0-14) living with HIV","SH.HIV.0014","","","","","","","","","","","","","","","","","","","","","","","","","","","","","","","","","","","","","","","","","","","","","","","","","","","","","","","","","","","","","","","",
"Kuwait","KWT","Children (0-14) living with HIV","SH.HIV.0014","","","","","","","","","","","","","","","","","","","","","","","","","","","","","","","","","","","","","","","","","","","","","","","","","","","","","","","","","","","","","","","",
"Latin America & Caribbean (excluding high income)","LAC","Children (0-14) living with HIV","SH.HIV.0014","","","","","","","","","","","","","","","","","","","","","","","","","","","","","","","","","","","","","","","","","","","","","","","","","","","","","","","","","","","","","","","",
"Lao PDR","LAO","Children (0-14) living with HIV","SH.HIV.0014","","","","","","","","","","","","","","","","","","","","","","","","","","","","","","","100","100","100","100","100","100","100","100","100","100","100","100","200","200","200","200","500","500","500","500","500","500","500","500","500","500","510","520","530","540","540","530","",
"Lebanon","LBN","Children (0-14) living with HIV","SH.HIV.0014","","","","","","","","","","","","","","","","","","","","","","","","","","","","","","","","","","","","","","","","","","","","","","","","","","","","","","","","","","","","","","","",
"Liberia","LBR","Children (0-14) living with HIV","SH.HIV.0014","","","","","","","","","","","","","","","","","","","","","","","","","","","","","","","1200","1600","1900","2200","2500","2900","3400","3900","4400","4900","5300","5500","5700","5800","5800","5800","5800","5800","5700","5600","5400","5100","4900","4700","4500","4200","3800","3500","3200","2900","2800","2500","",
"Libya","LBY","Children (0-14) living with HIV","SH.HIV.0014","","","","","","","","","","","","","","","","","","","","","","","","","","","","","","","100","100","100","100","100","100","100","100","100","100","100","100","100","100","100","100","200","200","200","200","200","200","500","500","500","500","500","500","500","500","500","500","",
"St. Lucia","LCA","Children (0-14) living with HIV","SH.HIV.0014","","","","","","","","","","","","","","","","","","","","","","","","","","","","","","","","","","","","","","","","","","","","","","","","","","","","","","","","","","","","","","","",
"Latin America & Caribbean","LCN","Children (0-14) living with HIV","SH.HIV.0014","","","","","","","","","","","","","","","","","","","","","","","","","","","","","","","","","","","","","","","","","","","","","","","","","","","","","","","","","","","","","","","",
"Least developed countries: UN classification","LDC","Children (0-14) living with HIV","SH.HIV.0014","","","","","","","","","","","","","","","","","","","","","","","","","","","","","","","","","","","","","","","","","","","","","","","","","","","","","","","","","","","","","","","",
"Low income","LIC","Children (0-14) living with HIV","SH.HIV.0014","","","","","","","","","","","","","","","","","","","","","","","","","","","","","","","","","","","","","","","","","","","","","","","","","","","","","","","","","","","","","","","",
"Liechtenstein","LIE","Children (0-14) living with HIV","SH.HIV.0014","","","","","","","","","","","","","","","","","","","","","","","","","","","","","","","","","","","","","","","","","","","","","","","","","","","","","","","","","","","","","","","",
"Sri Lanka","LKA","Children (0-14) living with HIV","SH.HIV.0014","","","","","","","","","","","","","","","","","","","","","","","","","","","","","","","","","","","","","","","","","","","","","","","","","","","","","","","","","","","","","","","",
"Lower middle income","LMC","Children (0-14) living with HIV","SH.HIV.0014","","","","","","","","","","","","","","","","","","","","","","","","","","","","","","","","","","","","","","","","","","","","","","","","","","","","","","","","","","","","","","","",
"Low & middle income","LMY","Children (0-14) living with HIV","SH.HIV.0014","","","","","","","","","","","","","","","","","","","","","","","","","","","","","","","","","","","","","","","","","","","","","","","","","","","","","","","","","","","","","","","",
"Lesotho","LSO","Children (0-14) living with HIV","SH.HIV.0014","","","","","","","","","","","","","","","","","","","","","","","","","","","","","","","770","1300","2100","3300","4700","6500","8400","10000","12000","14000","16000","18000","19000","21000","22000","24000","24000","24000","24000","24000","23000","22000","21000","19000","18000","17000","15000","14000","13000","12000","11000","9700","",
"Late-demographic dividend","LTE","Children (0-14) living with HIV","SH.HIV.0014","","","","","","","","","","","","","","","","","","","","","","","","","","","","","","","","","","","","","","","","","","","","","","","","","","","","","","","","","","","","","","","",
"Lithuania","LTU","Children (0-14) living with HIV","SH.HIV.0014","","","","","","","","","","","","","","","","","","","","","","","","","","","","","","","","","","","","","","","","","","","","","","","","","","","","","","","","","","","","","","","",
"Luxembourg","LUX","Children (0-14) living with HIV","SH.HIV.0014","","","","","","","","","","","","","","","","","","","","","","","","","","","","","","","","","","","","","","","","","","","","","","","","","","","","","","","","","","","","","","","",
"Latvia","LVA","Children (0-14) living with HIV","SH.HIV.0014","","","","","","","","","","","","","","","","","","","","","","","","","","","","","","","100","100","100","100","100","100","100","100","100","100","100","100","100","100","100","100","100","100","100","100","100","100","100","100","100","100","100","100","100","100","100","100","",
"Macao SAR, China","MAC","Children (0-14) living with HIV","SH.HIV.0014","","","","","","","","","","","","","","","","","","","","","","","","","","","","","","","","","","","","","","","","","","","","","","","","","","","","","","","","","","","","","","","",
"St. Martin (French part)","MAF","Children (0-14) living with HIV","SH.HIV.0014","","","","","","","","","","","","","","","","","","","","","","","","","","","","","","","","","","","","","","","","","","","","","","","","","","","","","","","","","","","","","","","",
"Morocco","MAR","Children (0-14) living with HIV","SH.HIV.0014","","","","","","","","","","","","","","","","","","","","","","","","","","","","","","","200","200","200","500","500","500","500","500","500","500","500","530","570","600","630","660","690","720","750","770","790","820","830","850","870","900","920","940","950","960","960","980","",
"Monaco","MCO","Children (0-14) living with HIV","SH.HIV.0014","","","","","","","","","","","","","","","","","","","","","","","","","","","","","","","","","","","","","","","","","","","","","","","","","","","","","","","","","","","","","","","",
"Moldova","MDA","Children (0-14) living with HIV","SH.HIV.0014","","","","","","","","","","","","","","","","","","","","","","","","","","","","","","","100","100","100","100","100","100","100","100","100","100","100","100","100","100","100","200","200","200","200","200","200","200","200","200","200","200","200","200","200","200","200","200","",
"Madagascar","MDG","Children (0-14) living with HIV","SH.HIV.0014","","","","","","","","","","","","","","","","","","","","","","","","","","","","","","","100","100","100","100","100","100","100","100","100","100","100","100","200","200","200","500","500","500","500","560","690","810","980","1200","1400","1600","1900","2200","2500","2800","3100","3500","",
"Maldives","MDV","Children (0-14) living with HIV","SH.HIV.0014","","","","","","","","","","","","","","","","","","","","","","","","","","","","","","","","","","","","","","","","","","","","","","","","","","","","","","","","","","","","","","","",
"Middle East & North Africa","MEA","Children (0-14) living with HIV","SH.HIV.0014","","","","","","","","","","","","","","","","","","","","","","","","","","","","","","","","","","","","","","","","","","","","","","","","","","","","","","","","","","","","","","","",
"Mexico","MEX","Children (0-14) living with HIV","SH.HIV.0014","","","","","","","","","","","","","","","","","","","","","","","","","","","","","","","950","1100","1200","1300","1400","1500","1600","1800","1900","2000","2100","2200","2300","2400","2500","2500","2600","2700","2800","2900","3000","3100","3100","3100","3200","3200","3300","3300","3400","3400","3400","3400","",
"Marshall Islands","MHL","Children (0-14) living with HIV","SH.HIV.0014","","","","","","","","","","","","","","","","","","","","","","","","","","","","","","","","","","","","","","","","","","","","","","","","","","","","","","","","","","","","","","","",
"Middle income","MIC","Children (0-14) living with HIV","SH.HIV.0014","","","","","","","","","","","","","","","","","","","","","","","","","","","","","","","","","","","","","","","","","","","","","","","","","","","","","","","","","","","","","","","",
"North Macedonia","MKD","Children (0-14) living with HIV","SH.HIV.0014","","","","","","","","","","","","","","","","","","","","","","","","","","","","","","","","","","","","","","","","","","","","","","","","","","","","","","","","","","","","","","","",
"Mali","MLI","Children (0-14) living with HIV","SH.HIV.0014","","","","","","","","","","","","","","","","","","","","","","","","","","","","","","","3100","3900","4800","5700","6600","7500","8500","9300","10000","11000","12000","12000","13000","13000","13000","14000","14000","14000","14000","13000","13000","12000","12000","12000","11000","11000","11000","10000","9900","9700","9400","9100","",
"Malta","MLT","Children (0-14) living with HIV","SH.HIV.0014","","","","","","","","","","","","","","","","","","","","","","","","","","","","","","","","","","","","","","","","","","","","","","","","","","","","","","","","","","","","","","","",
"Myanmar","MMR","Children (0-14) living with HIV","SH.HIV.0014","","","","","","","","","","","","","","","","","","","","","","","","","","","","","","","100","200","500","500","590","830","1100","1500","1900","2300","2900","3500","4200","4800","5500","6100","6600","7100","7500","7800","8100","8300","8600","8800","9000","9100","9300","9400","9500","9400","9400","9700","",
"Middle East & North Africa (excluding high income)","MNA","Children (0-14) living with HIV","SH.HIV.0014","","","","","","","","","","","","","","","","","","","","","","","","","","","","","","","","","","","","","","","","","","","","","","","","","","","","","","","","","","","","","","","",
"Montenegro","MNE","Children (0-14) living with HIV","SH.HIV.0014","","","","","","","","","","","","","","","","","","","","","","","","","","","","","","","","","","","","","","","","","","","","","","","","","","","","","","","","","","","","","","","",
"Mongolia","MNG","Children (0-14) living with HIV","SH.HIV.0014","","","","","","","","","","","","","","","","","","","","","","","","","","","","","","","","","","","","","","","","","","","","","","","","","","","","","","","","","","","","","","","",
"Northern Mariana Islands","MNP","Children (0-14) living with HIV","SH.HIV.0014","","","","","","","","","","","","","","","","","","","","","","","","","","","","","","","","","","","","","","","","","","","","","","","","","","","","","","","","","","","","","","","",
"Mozambique","MOZ","Children (0-14) living with HIV","SH.HIV.0014","","","","","","","","","","","","","","","","","","","","","","","","","","","","","","","","","","","","","","","","","","","","","","","","","","","","","","","","","","","","","","","",
"Mauritania","MRT","Children (0-14) living with HIV","SH.HIV.0014","","","","","","","","","","","","","","","","","","","","","","","","","","","","","","","100","200","200","200","500","500","500","500","500","520","580","630","680","720","760","790","820","830","840","840","840","830","830","810","760","730","740","740","720","730","730","730","",
"Mauritius","MUS","Children (0-14) living with HIV","SH.HIV.0014","","","","","","","","","","","","","","","","","","","","","","","","","","","","","","","100","100","100","100","100","100","100","100","100","100","100","100","100","100","100","100","100","100","100","100","100","100","100","100","100","100","100","100","100","100","100","100","",
"Malawi","MWI","Children (0-14) living with HIV","SH.HIV.0014","","","","","","","","","","","","","","","","","","","","","","","","","","","","","","","35000","43000","51000","61000","71000","80000","90000","99000","110000","110000","120000","130000","130000","140000","140000","140000","140000","140000","140000","130000","130000","120000","120000","110000","100000","97000","90000","83000","76000","69000","63000","58000","",
"Malaysia","MYS","Children (0-14) living with HIV","SH.HIV.0014","","","","","","","","","","","","","","","","","","","","","","","","","","","","","","","100","100","100","100","100","100","200","200","200","200","500","500","500","500","500","500","500","500","500","500","500","500","500","500","500","500","500","500","500","500","500","500","",
"North America","NAC","Children (0-14) living with HIV","SH.HIV.0014","","","","","","","","","","","","","","","","","","","","","","","","","","","","","","","","","","","","","","","","","","","","","","","","","","","","","","","","","","","","","","","",
"Namibia","NAM","Children (0-14) living with HIV","SH.HIV.0014","","","","","","","","","","","","","","","","","","","","","","","","","","","","","","","990","1500","2100","2900","3900","5200","6500","7900","9300","11000","12000","13000","14000","15000","16000","16000","16000","16000","16000","16000","16000","15000","15000","15000","14000","13000","12000","11000","10000","9200","8400","7600","",
"New Caledonia","NCL","Children (0-14) living with HIV","SH.HIV.0014","","","","","","","","","","","","","","","","","","","","","","","","","","","","","","","","","","","","","","","","","","","","","","","","","","","","","","","","","","","","","","","",
"Niger","NER","Children (0-14) living with HIV","SH.HIV.0014","","","","","","","","","","","","","","","","","","","","","","","","","","","","","","","500","680","930","1200","1600","2000","2400","2800","3300","3700","4100","4500","4800","5100","5300","5500","5600","5700","5600","5500","5000","4700","4500","4200","3900","3700","3300","3200","3000","2900","2800","2700","",
"Nigeria","NGA","Children (0-14) living with HIV","SH.HIV.0014","","","","","","","","","","","","","","","","","","","","","","","","","","","","","","","44000","55000","68000","83000","97000","110000","130000","140000","160000","170000","180000","190000","200000","210000","220000","220000","220000","220000","220000","220000","210000","210000","200000","200000","190000","180000","180000","180000","180000","180000","180000","170000","",
"Nicaragua","NIC","Children (0-14) living with HIV","SH.HIV.0014","","","","","","","","","","","","","","","","","","","","","","","","","","","","","","","100","100","100","100","100","100","100","100","100","200","200","200","200","200","200","200","500","500","500","500","500","500","500","500","500","500","500","500","500","500","500","500","",
"Netherlands","NLD","Children (0-14) living with HIV","SH.HIV.0014","","","","","","","","","","","","","","","","","","","","","","","","","","","","","","","","","","","","","","","","","","","","","","","","","","","","","","","","","","","","","","","",
"Norway","NOR","Children (0-14) living with HIV","SH.HIV.0014","","","","","","","","","","","","","","","","","","","","","","","","","","","","","","","","","","","","","","","","","","","","","","","","","","","","","","","","","","","","","","","",
"Nepal","NPL","Children (0-14) living with HIV","SH.HIV.0014","","","","","","","","","","","","","","","","","","","","","","","","","","","","","","","100","100","100","100","100","100","100","100","200","500","500","500","560","690","820","940","1000","1200","1300","1300","1400","1500","1500","1500","1500","1500","1500","1400","1400","1300","1300","1200","",
"Nauru","NRU","Children (0-14) living with HIV","SH.HIV.0014","","","","","","","","","","","","","","","","","","","","","","","","","","","","","","","","","","","","","","","","","","","","","","","","","","","","","","","","","","","","","","","",
"New Zealand","NZL","Children (0-14) living with HIV","SH.HIV.0014","","","","","","","","","","","","","","","","","","","","","","","","","","","","","","","","","","","","","","","","","","","","","","","","","","","","","","","","","","","","","","","",
"OECD members","OED","Children (0-14) living with HIV","SH.HIV.0014","","","","","","","","","","","","","","","","","","","","","","","","","","","","","","","","","","","","","","","","","","","","","","","","","","","","","","","","","","","","","","","",
"Oman","OMN","Children (0-14) living with HIV","SH.HIV.0014","","","","","","","","","","","","","","","","","","","","","","","","","","","","","","","100","100","100","100","100","100","100","100","100","100","100","100","100","100","100","100","100","100","100","100","100","100","100","100","100","100","100","100","100","100","100","100","",
"Other small states","OSS","Children (0-14) living with HIV","SH.HIV.0014","","","","","","","","","","","","","","","","","","","","","","","","","","","","","","","","","","","","","","","","","","","","","","","","","","","","","","","","","","","","","","","",
"Pakistan","PAK","Children (0-14) living with HIV","SH.HIV.0014","","","","","","","","","","","","","","","","","","","","","","","","","","","","","","","100","100","100","100","100","100","100","100","100","100","100","100","100","100","100","100","200","200","500","500","650","870","1100","1400","1700","2000","2400","2800","3200","3600","4100","4600","",
"Panama","PAN","Children (0-14) living with HIV","SH.HIV.0014","","","","","","","","","","","","","","","","","","","","","","","","","","","","","","","","","","","","","","","","","","","","","","","","","","","","","","","","","","","","","","","",
"Peru","PER","Children (0-14) living with HIV","SH.HIV.0014","","","","","","","","","","","","","","","","","","","","","","","","","","","","","","","1100","1300","1400","1500","1600","1700","1700","1800","1800","1900","1900","1900","1900","1800","1800","1800","1700","1700","1600","1600","1600","1600","1500","1500","1500","1500","1500","1500","1500","1500","1500","1500","",
"Philippines","PHL","Children (0-14) living with HIV","SH.HIV.0014","","","","","","","","","","","","","","","","","","","","","","","","","","","","","","","100","100","100","100","100","100","100","100","100","100","100","100","100","100","100","100","100","100","100","100","100","200","200","200","500","500","500","500","500","540","630","750","",
"Palau","PLW","Children (0-14) living with HIV","SH.HIV.0014","","","","","","","","","","","","","","","","","","","","","","","","","","","","","","","","","","","","","","","","","","","","","","","","","","","","","","","","","","","","","","","",
"Papua New Guinea","PNG","Children (0-14) living with HIV","SH.HIV.0014","","","","","","","","","","","","","","","","","","","","","","","","","","","","","","","100","100","100","100","100","100","200","500","500","500","630","820","1000","1300","1500","1700","1900","2100","2300","2400","2600","2700","2800","2900","3000","3100","3200","3300","3300","3300","3300","3500","",
"Poland","POL","Children (0-14) living with HIV","SH.HIV.0014","","","","","","","","","","","","","","","","","","","","","","","","","","","","","","","","","","","","","","","","","","","","","","","","","","","","","","","","","","","","","","","",
"Pre-demographic dividend","PRE","Children (0-14) living with HIV","SH.HIV.0014","","","","","","","","","","","","","","","","","","","","","","","","","","","","","","","","","","","","","","","","","","","","","","","","","","","","","","","","","","","","","","","",
"Puerto Rico","PRI","Children (0-14) living with HIV","SH.HIV.0014","","","","","","","","","","","","","","","","","","","","","","","","","","","","","","","","","","","","","","","","","","","","","","","","","","","","","","","","","","","","","","","",
"Korea, Dem. People's Rep.","PRK","Children (0-14) living with HIV","SH.HIV.0014","","","","","","","","","","","","","","","","","","","","","","","","","","","","","","","","","","","","","","","","","","","","","","","","","","","","","","","","","","","","","","","",
"Portugal","PRT","Children (0-14) living with HIV","SH.HIV.0014","","","","","","","","","","","","","","","","","","","","","","","","","","","","","","","","","","","","","","","","","","","","","","","","","","","","","","","","","","","","","","","",
"Paraguay","PRY","Children (0-14) living with HIV","SH.HIV.0014","","","","","","","","","","","","","","","","","","","","","","","","","","","","","","","100","100","100","100","100","100","100","100","200","200","200","500","500","500","500","500","500","500","500","500","500","500","500","500","500","500","500","500","500","500","500","500","",
"West Bank and Gaza","PSE","Children (0-14) living with HIV","SH.HIV.0014","","","","","","","","","","","","","","","","","","","","","","","","","","","","","","","","","","","","","","","","","","","","","","","","","","","","","","","","","","","","","","","",
"Pacific island small states","PSS","Children (0-14) living with HIV","SH.HIV.0014","","","","","","","","","","","","","","","","","","","","","","","","","","","","","","","","","","","","","","","","","","","","","","","","","","","","","","","","","","","","","","","",
"Post-demographic dividend","PST","Children (0-14) living with HIV","SH.HIV.0014","","","","","","","","","","","","","","","","","","","","","","","","","","","","","","","","","","","","","","","","","","","","","","","","","","","","","","","","","","","","","","","",
"French Polynesia","PYF","Children (0-14) living with HIV","SH.HIV.0014","","","","","","","","","","","","","","","","","","","","","","","","","","","","","","","","","","","","","","","","","","","","","","","","","","","","","","","","","","","","","","","",
"Qatar","QAT","Children (0-14) living with HIV","SH.HIV.0014","","","","","","","","","","","","","","","","","","","","","","","","","","","","","","","","","","","","","","","","","","","","","","","","","","","","","","","","","","","","","","","",
"Romania","ROU","Children (0-14) living with HIV","SH.HIV.0014","","","","","","","","","","","","","","","","","","","","","","","","","","","","","","","1900","3600","5000","6000","6600","6400","6200","6000","5800","5600","5300","5000","4400","3700","2900","2100","1400","1000","760","620","550","500","500","500","500","500","500","500","200","200","200","200","",
"Russian Federation","RUS","Children (0-14) living with HIV","SH.HIV.0014","","","","","","","","","","","","","","","","","","","","","","","","","","","","","","","","","","","","","","","","","","","","","","","","","","","","","","","","","","","","","","","",
"Rwanda","RWA","Children (0-14) living with HIV","SH.HIV.0014","","","","","","","","","","","","","","","","","","","","","","","","","","","","","","","9700","12000","13000","14000","15000","16000","18000","21000","24000","26000","29000","30000","30000","31000","31000","31000","31000","30000","28000","27000","26000","24000","23000","21000","20000","18000","17000","16000","14000","13000","11000","9900","",
"South Asia","SAS","Children (0-14) living with HIV","SH.HIV.0014","","","","","","","","","","","","","","","","","","","","","","","","","","","","","","","","","","","","","","","","","","","","","","","","","","","","","","","","","","","","","","","",
"Saudi Arabia","SAU","Children (0-14) living with HIV","SH.HIV.0014","","","","","","","","","","","","","","","","","","","","","","","","","","","","","","","","","","","","","","","","","","","","","","","","","","","","","","","","","","","","","","","",
"Sudan","SDN","Children (0-14) living with HIV","SH.HIV.0014","","","","","","","","","","","","","","","","","","","","","","","","","","","","","","","500","610","770","950","1100","1400","1600","1800","2000","2200","2400","2600","2800","3000","3100","3200","3300","3400","3400","3400","3500","3500","3500","3500","3400","3400","3400","3300","3300","3300","3300","3300","",
"Senegal","SEN","Children (0-14) living with HIV","SH.HIV.0014","","","","","","","","","","","","","","","","","","","","","","","","","","","","","","","500","610","800","1000","1300","1600","2000","2400","2900","3300","3800","4300","4800","5300","5700","6100","6400","6600","6700","6700","6700","6700","6600","6400","6200","5800","5500","5200","4900","4500","4200","4000","",
"Singapore","SGP","Children (0-14) living with HIV","SH.HIV.0014","","","","","","","","","","","","","","","","","","","","","","","","","","","","","","","","","","","","","","","","","","","","","","","","","","","","","","","","","","","","","","","",
"Solomon Islands","SLB","Children (0-14) living with HIV","SH.HIV.0014","","","","","","","","","","","","","","","","","","","","","","","","","","","","","","","","","","","","","","","","","","","","","","","","","","","","","","","","","","","","","","","",
"Sierra Leone","SLE","Children (0-14) living with HIV","SH.HIV.0014","","","","","","","","","","","","","","","","","","","","","","","","","","","","","","","1800","2300","2800","3400","4000","4600","5300","6000","6700","7500","8400","9300","10000","11000","12000","13000","13000","14000","14000","14000","14000","13000","13000","13000","13000","13000","12000","12000","12000","11000","11000","11000","",
"El Salvador","SLV","Children (0-14) living with HIV","SH.HIV.0014","","","","","","","","","","","","","","","","","","","","","","","","","","","","","","","100","100","200","200","500","500","500","500","500","540","590","640","660","670","660","660","660","660","660","650","650","630","610","590","560","540","520","500","500","500","500","500","",
"San Marino","SMR","Children (0-14) living with HIV","SH.HIV.0014","","","","","","","","","","","","","","","","","","","","","","","","","","","","","","","","","","","","","","","","","","","","","","","","","","","","","","","","","","","","","","","",
"Somalia","SOM","Children (0-14) living with HIV","SH.HIV.0014","","","","","","","","","","","","","","","","","","","","","","","","","","","","","","","200","500","500","500","500","500","580","680","790","910","1000","1100","1300","1400","1400","1500","1600","1600","1600","1600","1600","1600","1500","1500","1400","1300","1200","1200","1100","1000","920","850","",
"Serbia","SRB","Children (0-14) living with HIV","SH.HIV.0014","","","","","","","","","","","","","","","","","","","","","","","","","","","","","","","","","","","","","","","","","","","","","","","","","","","","","","","","","","","","","","","",
"Sub-Saharan Africa (excluding high income)","SSA","Children (0-14) living with HIV","SH.HIV.0014","","","","","","","","","","","","","","","","","","","","","","","","","","","","","","","","","","","","","","","","","","","","","","","","","","","","","","","","","","","","","","","",
"South Sudan","SSD","Children (0-14) living with HIV","SH.HIV.0014","","","","","","","","","","","","","","","","","","","","","","","","","","","","","","","1800","2200","2700","3200","3800","4500","5200","6000","7000","7900","8800","9700","11000","11000","12000","13000","14000","15000","15000","16000","16000","16000","16000","16000","16000","16000","16000","15000","15000","15000","15000","15000","",
"Sub-Saharan Africa","SSF","Children (0-14) living with HIV","SH.HIV.0014","","","","","","","","","","","","","","","","","","","","","","","","","","","","","","","","","","","","","","","","","","","","","","","","","","","","","","","","","","","","","","","",
"Small states","SST","Children (0-14) living with HIV","SH.HIV.0014","","","","","","","","","","","","","","","","","","","","","","","","","","","","","","","","","","","","","","","","","","","","","","","","","","","","","","","","","","","","","","","",
"Sao Tome and Principe","STP","Children (0-14) living with HIV","SH.HIV.0014","","","","","","","","","","","","","","","","","","","","","","","","","","","","","","","","","","","","","","","","","","","","","","","","","","","","","","","","","","","","","","","",
"Suriname","SUR","Children (0-14) living with HIV","SH.HIV.0014","","","","","","","","","","","","","","","","","","","","","","","","","","","","","","","100","100","100","100","100","100","100","100","100","200","200","200","200","200","200","200","200","200","200","200","200","200","200","200","200","200","200","200","200","200","200","200","",
"Slovak Republic","SVK","Children (0-14) living with HIV","SH.HIV.0014","","","","","","","","","","","","","","","","","","","","","","","","","","","","","","","","","","","","","","","","","","","","","","","","","","","","","","","","","","","","","","","",
"Slovenia","SVN","Children (0-14) living with HIV","SH.HIV.0014","","","","","","","","","","","","","","","","","","","","","","","","","","","","","","","","","","","","","","","","","","","","","","","","","","","","","","","","","","","","","","","",
"Sweden","SWE","Children (0-14) living with HIV","SH.HIV.0014","","","","","","","","","","","","","","","","","","","","","","","","","","","","","","","","","","","","","","","","","","","","","","","","","","","","","","","","","","","","","","","",
"Eswatini","SWZ","Children (0-14) living with HIV","SH.HIV.0014","","","","","","","","","","","","","","","","","","","","","","","","","","","","","","","200","500","740","1300","2100","3100","4100","5200","6400","7500","8600","9700","11000","12000","13000","14000","14000","15000","15000","15000","14000","14000","13000","13000","12000","12000","11000","10000","9600","8800","8000","7200","",
"Sint Maarten (Dutch part)","SXM","Children (0-14) living with HIV","SH.HIV.0014","","","","","","","","","","","","","","","","","","","","","","","","","","","","","","","","","","","","","","","","","","","","","","","","","","","","","","","","","","","","","","","",
"Seychelles","SYC","Children (0-14) living with HIV","SH.HIV.0014","","","","","","","","","","","","","","","","","","","","","","","","","","","","","","","","","","","","","","","","","","","","","","","","","","","","","","","","","","","","","","","",
"Syrian Arab Republic","SYR","Children (0-14) living with HIV","SH.HIV.0014","","","","","","","","","","","","","","","","","","","","","","","","","","","","","","","","","","","","","","","","","","","","","","","","","","","","","","","","","","","","","","","",
"Turks and Caicos Islands","TCA","Children (0-14) living with HIV","SH.HIV.0014","","","","","","","","","","","","","","","","","","","","","","","","","","","","","","","","","","","","","","","","","","","","","","","","","","","","","","","","","","","","","","","",
"Chad","TCD","Children (0-14) living with HIV","SH.HIV.0014","","","","","","","","","","","","","","","","","","","","","","","","","","","","","","","2900","3800","4800","5900","7100","8300","9500","11000","12000","13000","14000","15000","16000","17000","17000","18000","18000","18000","18000","18000","17000","17000","16000","16000","14000","14000","13000","13000","12000","11000","11000","9900","",
"East Asia & Pacific (IDA & IBRD countries)","TEA","Children (0-14) living with HIV","SH.HIV.0014","","","","","","","","","","","","","","","","","","","","","","","","","","","","","","","","","","","","","","","","","","","","","","","","","","","","","","","","","","","","","","","",
"Europe & Central Asia (IDA & IBRD countries)","TEC","Children (0-14) living with HIV","SH.HIV.0014","","","","","","","","","","","","","","","","","","","","","","","","","","","","","","","","","","","","","","","","","","","","","","","","","","","","","","","","","","","","","","","",
"Togo","TGO","Children (0-14) living with HIV","SH.HIV.0014","","","","","","","","","","","","","","","","","","","","","","","","","","","","","","","1200","1700","2200","3000","3900","4900","6200","7500","8900","10000","12000","13000","14000","15000","16000","17000","17000","18000","18000","18000","18000","17000","16000","14000","14000","13000","12000","11000","11000","9900","9300","8700","",
"Thailand","THA","Children (0-14) living with HIV","SH.HIV.0014","","","","","","","","","","","","","","","","","","","","","","","","","","","","","","","1200","2500","4100","6000","7900","9900","12000","14000","15000","17000","17000","18000","17000","17000","17000","16000","15000","14000","13000","12000","11000","10000","9000","8000","7000","5900","4900","4100","3300","2800","2400","2000","",
"Tajikistan","TJK","Children (0-14) living with HIV","SH.HIV.0014","","","","","","","","","","","","","","","","","","","","","","","","","","","","","","","100","100","100","100","100","100","100","100","100","100","100","100","100","100","100","100","100","100","100","200","500","500","500","500","570","660","740","790","840","890","930","940","",
"Turkmenistan","TKM","Children (0-14) living with HIV","SH.HIV.0014","","","","","","","","","","","","","","","","","","","","","","","","","","","","","","","","","","","","","","","","","","","","","","","","","","","","","","","","","","","","","","","",
"Latin America & the Caribbean (IDA & IBRD countries)","TLA","Children (0-14) living with HIV","SH.HIV.0014","","","","","","","","","","","","","","","","","","","","","","","","","","","","","","","","","","","","","","","","","","","","","","","","","","","","","","","","","","","","","","","",
"Timor-Leste","TLS","Children (0-14) living with HIV","SH.HIV.0014","","","","","","","","","","","","","","","","","","","","","","","","","","","","","","","","","","","","","","","","","","","","","","","","","","","","","","","","","","","","","","","",
"Middle East & North Africa (IDA & IBRD countries)","TMN","Children (0-14) living with HIV","SH.HIV.0014","","","","","","","","","","","","","","","","","","","","","","","","","","","","","","","","","","","","","","","","","","","","","","","","","","","","","","","","","","","","","","","",
"Tonga","TON","Children (0-14) living with HIV","SH.HIV.0014","","","","","","","","","","","","","","","","","","","","","","","","","","","","","","","","","","","","","","","","","","","","","","","","","","","","","","","","","","","","","","","",
"South Asia (IDA & IBRD)","TSA","Children (0-14) living with HIV","SH.HIV.0014","","","","","","","","","","","","","","","","","","","","","","","","","","","","","","","","","","","","","","","","","","","","","","","","","","","","","","","","","","","","","","","",
"Sub-Saharan Africa (IDA & IBRD countries)","TSS","Children (0-14) living with HIV","SH.HIV.0014","","","","","","","","","","","","","","","","","","","","","","","","","","","","","","","","","","","","","","","","","","","","","","","","","","","","","","","","","","","","","","","",
"Trinidad and Tobago","TTO","Children (0-14) living with HIV","SH.HIV.0014","","","","","","","","","","","","","","","","","","","","","","","","","","","","","","","","","","","","","","","","","","","","","","","","","","","","","","","","","","","","","","","",
"Tunisia","TUN","Children (0-14) living with HIV","SH.HIV.0014","","","","","","","","","","","","","","","","","","","","","","","","","","","","","","","100","100","100","100","100","100","100","100","100","100","100","100","100","100","100","100","100","100","100","100","100","100","100","100","100","200","200","200","200","200","200","200","",
"Turkiye","TUR","Children (0-14) living with HIV","SH.HIV.0014","","","","","","","","","","","","","","","","","","","","","","","","","","","","","","","","","","","","","","","","","","","","","","","","","","","","","","","","","","","","","","","",
"Tuvalu","TUV","Children (0-14) living with HIV","SH.HIV.0014","","","","","","","","","","","","","","","","","","","","","","","","","","","","","","","","","","","","","","","","","","","","","","","","","","","","","","","","","","","","","","","",
"Tanzania","TZA","Children (0-14) living with HIV","SH.HIV.0014","","","","","","","","","","","","","","","","","","","","","","","","","","","","","","","47000","58000","70000","83000","95000","110000","120000","130000","140000","150000","160000","160000","170000","170000","170000","180000","180000","170000","170000","170000","160000","150000","140000","140000","130000","130000","120000","120000","110000","110000","100000","96000","",
"Uganda","UGA","Children (0-14) living with HIV","SH.HIV.0014","","","","","","","","","","","","","","","","","","","","","","","","","","","","","","","89000","100000","110000","120000","130000","140000","150000","150000","160000","160000","160000","170000","170000","170000","170000","160000","160000","160000","160000","150000","150000","140000","140000","130000","130000","120000","120000","110000","110000","100000","94000","88000","",
"Ukraine","UKR","Children (0-14) living with HIV","SH.HIV.0014","","","","","","","","","","","","","","","","","","","","","","","","","","","","","","","100","200","200","500","500","710","1100","1500","1900","2300","2700","2900","3200","3400","3600","3700","3800","4100","4200","4200","4300","4200","4200","4000","3900","3700","3700","3500","3400","3200","3000","2700","",
"Upper middle income","UMC","Children (0-14) living with HIV","SH.HIV.0014","","","","","","","","","","","","","","","","","","","","","","","","","","","","","","","","","","","","","","","","","","","","","","","","","","","","","","","","","","","","","","","",
"Uruguay","URY","Children (0-14) living with HIV","SH.HIV.0014","","","","","","","","","","","","","","","","","","","","","","","","","","","","","","","100","100","100","100","100","100","100","200","200","200","200","200","200","200","200","200","200","200","200","200","200","200","200","200","200","200","200","200","200","200","200","500","",
"United States","USA","Children (0-14) living with HIV","SH.HIV.0014","","","","","","","","","","","","","","","","","","","","","","","","","","","","","","","","","","","","","","","","","","","","","","","","","","","4700","4500","4300","4100","3800","3600","3300","3000","2800","2500","","","",
"Uzbekistan","UZB","Children (0-14) living with HIV","SH.HIV.0014","","","","","","","","","","","","","","","","","","","","","","","","","","","","","","","100","100","100","100","100","100","100","100","100","100","100","100","100","100","800","1400","2000","2600","3200","3700","4200","4800","5200","5600","6100","6300","6700","7000","7300","6900","6500","6100","",
"St. Vincent and the Grenadines","VCT","Children (0-14) living with HIV","SH.HIV.0014","","","","","","","","","","","","","","","","","","","","","","","","","","","","","","","","","","","","","","","","","","","","","","","","","","","","","","","","","","","","","","","",
"Venezuela, RB","VEN","Children (0-14) living with HIV","SH.HIV.0014","","","","","","","","","","","","","","","","","","","","","","","","","","","","","","","1200","1200","1200","1200","1200","1200","1300","1300","1500","1700","2000","2300","2700","3200","3600","4000","4300","4600","4900","5100","5300","5500","5600","5600","5600","5400","5200","5000","4800","4600","4400","4200","",
"British Virgin Islands","VGB","Children (0-14) living with HIV","SH.HIV.0014","","","","","","","","","","","","","","","","","","","","","","","","","","","","","","","","","","","","","","","","","","","","","","","","","","","","","","","","","","","","","","","",
"Virgin Islands (U.S.)","VIR","Children (0-14) living with HIV","SH.HIV.0014","","","","","","","","","","","","","","","","","","","","","","","","","","","","","","","","","","","","","","","","","","","","","","","","","","","","","","","","","","","","","","","",
"Vietnam","VNM","Children (0-14) living with HIV","SH.HIV.0014","","","","","","","","","","","","","","","","","","","","","","","","","","","","","","","100","100","100","200","200","500","500","650","860","1100","1300","1600","1900","2100","2400","2700","3000","3200","3400","3600","3800","4100","4300","4500","4700","4900","5000","5100","5200","5100","5000","4900","",
"Vanuatu","VUT","Children (0-14) living with HIV","SH.HIV.0014","","","","","","","","","","","","","","","","","","","","","","","","","","","","","","","","","","","","","","","","","","","","","","","","","","","","","","","","","","","","","","","",
"World","WLD","Children (0-14) living with HIV","SH.HIV.0014","","","","","","","","","","","","","","","","","","","","","","","","","","","","","","","540000","670000","830000","990000","1200000","1300000","1500000","1700000","1800000","2000000","2100000","2300000","2400000","2500000","2500000","2600000","2600000","2600000","2600000","2500000","2500000","2400000","2400000","2300000","2200000","2100000","2100000","2000000","1900000","1800000","1800000","1700000","",
"Samoa","WSM","Children (0-14) living with HIV","SH.HIV.0014","","","","","","","","","","","","","","","","","","","","","","","","","","","","","","","","","","","","","","","","","","","","","","","","","","","","","","","","","","","","","","","",
"Kosovo","XKX","Children (0-14) living with HIV","SH.HIV.0014","","","","","","","","","","","","","","","","","","","","","","","","","","","","","","","","","","","","","","","","","","","","","","","","","","","","","","","","","","","","","","","",
"Yemen, Rep.","YEM","Children (0-14) living with HIV","SH.HIV.0014","","","","","","","","","","","","","","","","","","","","","","","","","","","","","","","","","","","","","","","","","","","","","","","","","","","","","","","","","","","","","","","",
"South Africa","ZAF","Children (0-14) living with HIV","SH.HIV.0014","","","","","","","","","","","","","","","","","","","","","","","","","","","","","","","4000","6900","11000","17000","25000","34000","45000","58000","72000","86000","100000","120000","130000","150000","170000","190000","200000","220000","250000","270000","280000","300000","310000","310000","320000","320000","320000","310000","310000","290000","280000","270000","",
"Zambia","ZMB","Children (0-14) living with HIV","SH.HIV.0014","","","","","","","","","","","","","","","","","","","","","","","","","","","","","","","27000","34000","41000","48000","55000","63000","70000","77000","84000","91000","97000","100000","110000","110000","110000","110000","110000","110000","110000","100000","100000","99000","96000","93000","90000","88000","86000","83000","79000","74000","69000","66000","",
"Zimbabwe","ZWE","Children (0-14) living with HIV","SH.HIV.0014","","","","","","","","","","","","","","","","","","","","","","","","","","","","","","","45000","57000","70000","83000","96000","110000","120000","130000","140000","150000","160000","160000","170000","170000","170000","160000","160000","160000","150000","150000","140000","130000","130000","120000","110000","110000","100000","94000","89000","83000","77000","72000","",
